{"modifiedDate":"2025-04-19T01:24:49Z","snapshotRole":{"withoutSnapshots":0},"evaluationState":"uninitialized","trainingEntity":{"validationResults":{"generalClassifier":{"accuracy":1,"confusionMatrix":[{"expected":"Good","count":34,"actual":"Good"},{"expected":"LeanBack","count":31,"actual":"LeanBack"},{"expected":"LeanForward","count":35,"actual":"LeanForward"}],"statsByLabel":{"LeanForward":{"precisionRecall":{"success":{"precision":1,"recall":1}},"count":35},"Good":{"precisionRecall":{"success":{"recall":1,"precision":1}},"count":34},"LeanBack":{"precisionRecall":{"success":{"precision":1,"recall":1}},"count":31}}}},"dataSourceID":"22BA36DC-974B-4283-9274-5053338A31D4","trainingAccuracy":1,"analysedDataType":"datasource","finishTime":"2025-04-19T01:24:08Z","checkpointMetrics":{},"validationAccuracy":1,"snapshottableCheckpoints":{},"dataResult":{"columnValues":["0.12, 0.07, 0.19, 0.05, 0.12, 0.16, 0.13, 0.20, 0.18, 0.13, 0.16, 0.18, 0.08, 0.11, 0.06, 0.19, 0.07, 0.15, 0.11, 0.11, 0.10, 0.10, 0.16, 0.12, 0.05, 0.15, 0.11, 0.14, 0.17, 0.10","-0.22, -0.24, -0.16, -0.19, -0.22, -0.25, -0.18, -0.17, -0.18, -0.17, -0.23, -0.18, -0.15, -0.24, -0.18, -0.25, -0.16, -0.21, -0.25, -0.16, -0.24, -0.18, -0.23, -0.16, -0.16, -0.23, -0.19, -0.19, -0.20, -0.17","0.85, 0.85, 0.87, 0.91, 0.91, 0.89, 0.90, 0.86, 0.85, 0.93, 0.88, 0.87, 0.92, 0.85, 0.89, 0.94, 0.86, 0.90, 0.93, 0.91, 0.86, 0.85, 0.87, 0.93, 0.86, 0.89, 0.89, 0.94, 0.91, 0.87","Good, Good, Good, Good, Good, Good, Good, Good, Good, Good, Good, Good, Good, Good, Good, Good, Good, Good, Good, Good, Good, Good, Good, Good, Good, Good, Good, Good, Good, Good"],"createdDate":"2025-04-19T01:10:09Z","dataURL":"file:\/\/\/Users\/egkhor\/Desktop\/posture_data.csv","columns":["x","y","z","posture"],"itemsCount":1000,"dataAnalysis":{"issues":[{"severity":"info","description":"Data has 1000 rows"}],"classifierAnalysis":{},"objectDetectorAnalysis":{"details":{}},"summary":{"classCount":3,"canUseValidation":1,"sampleCount":1000}},"classesCount":3,"columnTypes":["Double","Double","Double","String"],"dataSourceID":"22BA36DC-974B-4283-9274-5053338A31D4"},"trainingResults":{"generalClassifier":{"confusionMatrix":[{"count":299,"expected":"Good","actual":"Good"},{"count":303,"expected":"LeanBack","actual":"LeanBack"},{"count":298,"expected":"LeanForward","actual":"LeanForward"}],"accuracy":1,"statsByLabel":{"LeanForward":{"count":298,"precisionRecall":{"success":{"recall":1,"precision":1}}},"LeanBack":{"count":303,"precisionRecall":{"success":{"precision":1,"recall":1}}},"Good":{"count":299,"precisionRecall":{"success":{"recall":1,"precision":1}}}}}},"featureExtractionCheckpointMayBeAvailable":false,"startTime":"2025-04-19T01:24:07Z","progress":[]},"evaluationContainerEntity":{"testingEvaluationEntity":{"dataResult":{"createdDate":"2025-04-19T01:10:09Z"},"id":"ca0ba33a-fd41-439c-ade5-d05d73be49ea","analysedDataType":"none","createdDate":"2025-04-19T01:04:13Z"},"trainingEvaluationEntity":{"dataResult":{"classesCount":3,"dataURL":"file:\/\/\/Users\/egkhor\/Desktop\/posture_data.csv","itemsCount":1000,"dataAnalysis":{"summary":{"classCount":3,"canUseValidation":1,"sampleCount":1000},"objectDetectorAnalysis":{"details":{}},"issues":[{"description":"Data has 1000 rows","severity":"info"}],"classifierAnalysis":{}},"createdDate":"2025-04-19T01:10:09Z","dataSourceID":"22BA36DC-974B-4283-9274-5053338A31D4"},"id":"c4fe59e3-a39e-45a2-b0b9-4c7baed96f59","analysedDataType":"none","evaluationResult":{"generalClassifier":{"statsByLabel":{"LeanBack":{"precisionRecall":{"success":{"recall":1,"precision":1}},"count":303},"Good":{"precisionRecall":{"success":{"recall":1,"precision":1}},"count":299},"LeanForward":{"precisionRecall":{"success":{"recall":1,"precision":1}},"count":298}},"confusionMatrix":[{"actual":"Good","expected":"Good","count":299},{"actual":"LeanBack","expected":"LeanBack","count":303},{"actual":"LeanForward","expected":"LeanForward","count":298}],"accuracy":1}},"dataSourceID":"22BA36DC-974B-4283-9274-5053338A31D4","createdDate":"2025-04-19T01:04:13Z"},"modifiedDate":"2025-04-19T01:24:49Z","previewType":"tabularClassifier","id":"93f6c805-06ca-4bae-bbe1-65ca47da2c86","evaluationEntities":[{"createdDate":"2025-04-19T01:24:49Z","dataResult":{},"id":"c61d961e-e3ef-47a0-a7ec-cd84a30738d1","analysedDataType":"none"}],"validationEvaluationEntity":{"dataResult":{"createdDate":"2025-04-19T01:10:09Z"},"id":"6c073599-5e17-4080-8609-88f5ded5b9bf","analysedDataType":"auto","evaluationResult":{"generalClassifier":{"accuracy":1,"statsByLabel":{"LeanForward":{"count":35,"precisionRecall":{"success":{"recall":1,"precision":1}}},"LeanBack":{"count":31,"precisionRecall":{"success":{"precision":1,"recall":1}}},"Good":{"count":34,"precisionRecall":{"success":{"precision":1,"recall":1}}}},"confusionMatrix":[{"expected":"Good","count":34,"actual":"Good"},{"expected":"LeanBack","count":31,"actual":"LeanBack"},{"actual":"LeanForward","count":35,"expected":"LeanForward"}]}},"createdDate":"2025-04-19T01:04:13Z"},"createdDate":"2025-04-19T01:24:49Z"},"createdDate":"2025-04-19T01:04:13Z","settingEntity":{"suggestedColumns":["x","y","z","posture"],"suggestedColumnTypes":["Double","Double","Double","String"],"augmentations":[],"handActionClassifierAugmentations":[],"taskType":"generalClassifier","algorithmType":"maxEnt","generalClassifierType":{"logisticRegressionClassifier":{"featureRescaling":true,"l1Penalty":0,"l2Penalty":0.01,"stepSize":1,"convergenceThreshold":0.01}},"transferLearningEmbeddingType":"dynamic","targetColumn":"posture","handPoseClassifierAugmentations":[],"suggestedColumnValues":["0.12, 0.07, 0.19, 0.05, 0.12, 0.16, 0.13, 0.20, 0.18, 0.13, 0.16, 0.18, 0.08, 0.11, 0.06, 0.19, 0.07, 0.15, 0.11, 0.11, 0.10, 0.10, 0.16, 0.12, 0.05, 0.15, 0.11, 0.14, 0.17, 0.10","-0.22, -0.24, -0.16, -0.19, -0.22, -0.25, -0.18, -0.17, -0.18, -0.17, -0.23, -0.18, -0.15, -0.24, -0.18, -0.25, -0.16, -0.21, -0.25, -0.16, -0.24, -0.18, -0.23, -0.16, -0.16, -0.23, -0.19, -0.19, -0.20, -0.17","0.85, 0.85, 0.87, 0.91, 0.91, 0.89, 0.90, 0.86, 0.85, 0.93, 0.88, 0.87, 0.92, 0.85, 0.89, 0.94, 0.86, 0.90, 0.93, 0.91, 0.86, 0.85, 0.87, 0.93, 0.86, 0.89, 0.89, 0.94, 0.91, 0.87","Good, Good, Good, Good, Good, Good, Good, Good, Good, Good, Good, Good, Good, Good, Good, Good, Good, Good, Good, Good, Good, Good, Good, Good, Good, Good, Good, Good, Good, Good"],"styleTransferAlgorithmType":"image","seedType":"default","harVideoAugmentations":0,"featureNames":["x","y","z"]},"activityEntities":["experimentCreated",[{"id":"26D79E03-CE40-4250-9149-3DF3F051AA89","title":"Model Source Created","subtitle":"PostureClassifier.mlmodel","createdDate":"2025-04-19T01:04:13Z","event":"experimentCreated"}],"trainingStarted",[{"event":"trainingStarted","createdDate":"2025-04-19T01:24:07Z","title":"Training Started","id":"9C980E33-69D8-48FC-9286-F196B1C1DBB4","subtitle":"PostureClassifier.mlmodel"}],"trainingFinished",[{"event":"trainingFinished","createdDate":"2025-04-19T01:24:08Z","title":"Training Completed","id":"DD377192-7907-4E4E-B46C-5728199052AD","subtitle":"10 iterations"}],"trainingDataAdded",[{"event":"trainingDataAdded","createdDate":"2025-04-19T01:23:24Z","title":"Training Data Added","id":"01ED0B47-B509-4A9E-B3DE-F930EDF1D476","subtitle":"posture_data.csv"}]],"title":"PostureClassifier.mlmodel 1","modelEntity":{"id":"0C81AA8D-FBE2-4CEF-994D-B7C1760D5A1E","modifiedDate":"2025-04-19T01:04:13Z","title":"","modelURL":"Models\/PostureClassifier.mlmodel.mlmodel\/","experimentID":"D7A9EB28-A261-4BB5-B085-AB675EA5960A","preferredFilename":"","createdDate":"2025-04-19T01:04:13Z","version":"1.0"},"state":"trained","version":"1.0","id":"D7A9EB28-A261-4BB5-B085-AB675EA5960A","evaluationEntity":{"id":"c55517c8-bf2e-4b1c-92ab-597680c81445","dataResult":{},"analysedDataType":"none"},"contentDataResult":{"createdDate":"2025-04-19T01:10:09Z"},"preferredFilename":"PostureClassifier.mlmodel","validationEntity":{"dataResult":{"createdDate":"2025-04-19T01:10:09Z"},"analysedDataType":"auto"}}