{"id":"22BA36DC-974B-4283-9274-5053338A31D4","createdDate":"2025-04-19T01:23:24Z","preferredFilename":"posture_data.csv","version":"1.0","modifiedDate":"2025-04-19T15:33:46Z","dataPathRelativeToProjectURL":"..\/posture_data.csv\/","pathType":0,"activityEntities":["dataSourceMetrics",[{"createdDate":"2025-04-19T01:24:07Z","event":"dataSourceMetrics","title":"Data Summary","id":"D1B4F9AB-9AC1-49EF-AB47-8ED375CB023B","subtitle":"3 Classes, 1,000 Items"}],"dataSourceTrainingStarted",[{"createdDate":"2025-04-19T01:24:07Z","event":"dataSourceTrainingStarted","title":"Used By","id":"45855163-E96E-4B13-B635-2492D075D41E","subtitle":"PostureClassifier.mlmodel 1"}]],"dataURL":"file:\/\/\/Users\/egkhor\/Desktop\/EGKIsaacLabIndustry\/Consumable%20Apps\/RideLiteAI%20Development%20Files\/posture_data.csv\/","experimentIDs":["D7A9EB28-A261-4BB5-B085-AB675EA5960A"],"dataResult":{"dataURL":"file:\/\/\/Users\/egkhor\/Desktop\/EGKIsaacLabIndustry\/Consumable%20Apps\/RideLiteAI%20Development%20Files\/posture_data.csv\/","dataSourceID":"22BA36DC-974B-4283-9274-5053338A31D4","createdDate":"2025-04-19T01:23:24Z"},"title":"posture_data.csv"}