{"id":"FC6C3FA0-629A-4A51-AB45-0391FC451B72","createdDate":"2025-04-19T01:10:09Z","preferredFilename":"RideLiteAI.csv","version":"1.0","modifiedDate":"2025-04-19T01:10:09Z","dataPathRelativeToProjectURL":"..\/RideLiteAI.csv\/","pathType":0,"activityEntities":[],"dataURL":"file:\/\/\/Users\/egkhor\/Desktop\/RideLiteAI.csv","experimentIDs":["D7A9EB28-A261-4BB5-B085-AB675EA5960A"],"dataResult":{"dataURL":"file:\/\/\/Users\/egkhor\/Desktop\/RideLiteAI.csv","dataSourceID":"FC6C3FA0-629A-4A51-AB45-0391FC451B72","createdDate":"2025-04-19T01:10:09Z"},"title":"RideLiteAI.csv"}